{
  "hash": "06a7de91",
  "configHash": "c8dec836",
  "lockfileHash": "51437ba1",
  "browserHash": "ac1d2a95",
  "optimized": {
    "@angular/core": {
      "src": "../../../../../../node_modules/@angular/core/fesm2022/core.mjs",
      "file": "@angular_core.js",
      "fileHash": "79c2f84b",
      "needsInterop": false
    },
    "@angular/platform-browser": {
      "src": "../../../../../../node_modules/@angular/platform-browser/fesm2022/platform-browser.mjs",
      "file": "@angular_platform-browser.js",
      "fileHash": "7773216c",
      "needsInterop": false
    },
    "@angular/router": {
      "src": "../../../../../../node_modules/@angular/router/fesm2022/router.mjs",
      "file": "@angular_router.js",
      "fileHash": "4ea89cc4",
      "needsInterop": false
    },
    "keycloak-angular": {
      "src": "../../../../../../node_modules/keycloak-angular/fesm2022/keycloak-angular.mjs",
      "file": "keycloak-angular.js",
      "fileHash": "b2d1bceb",
      "needsInterop": false
    },
    "keycloak-js": {
      "src": "../../../../../../node_modules/keycloak-js/lib/keycloak.js",
      "file": "keycloak-js.js",
      "fileHash": "94c68f4e",
      "needsInterop": false
    }
  },
  "chunks": {
    "chunk-F6YMMRD7": {
      "file": "chunk-F6YMMRD7.js"
    },
    "chunk-5TG4F7CA": {
      "file": "chunk-5TG4F7CA.js"
    },
    "chunk-ORZKCZ3A": {
      "file": "chunk-ORZKCZ3A.js"
    },
    "chunk-JRAZ47LS": {
      "file": "chunk-JRAZ47LS.js"
    },
    "chunk-WDMUDEB6": {
      "file": "chunk-WDMUDEB6.js"
    }
  }
}