{
  "hash": "9764f3a5",
  "configHash": "2411fe0c",
  "lockfileHash": "120ca854",
  "browserHash": "4b7448d0",
  "optimized": {
    "@angular/common": {
      "src": "../../../../../../node_modules/@angular/common/fesm2022/common.mjs",
      "file": "@angular_common.js",
      "fileHash": "4509d2ee",
      "needsInterop": false
    },
    "@angular/common/http": {
      "src": "../../../../../../node_modules/@angular/common/fesm2022/http.mjs",
      "file": "@angular_common_http.js",
      "fileHash": "d0781dc6",
      "needsInterop": false
    },
    "@angular/core": {
      "src": "../../../../../../node_modules/@angular/core/fesm2022/core.mjs",
      "file": "@angular_core.js",
      "fileHash": "bbbf4844",
      "needsInterop": false
    },
    "@angular/platform-browser": {
      "src": "../../../../../../node_modules/@angular/platform-browser/fesm2022/platform-browser.mjs",
      "file": "@angular_platform-browser.js",
      "fileHash": "e9481787",
      "needsInterop": false
    },
    "@angular/router": {
      "src": "../../../../../../node_modules/@angular/router/fesm2022/router.mjs",
      "file": "@angular_router.js",
      "fileHash": "c3dabf12",
      "needsInterop": false
    },
    "@angular/forms": {
      "src": "../../../../../../node_modules/@angular/forms/fesm2022/forms.mjs",
      "file": "@angular_forms.js",
      "fileHash": "78ca15f5",
      "needsInterop": false
    }
  },
  "chunks": {
    "chunk-645HNH4J": {
      "file": "chunk-645HNH4J.js"
    },
    "chunk-3EKXQHHC": {
      "file": "chunk-3EKXQHHC.js"
    },
    "chunk-H5FHZ246": {
      "file": "chunk-H5FHZ246.js"
    },
    "chunk-FEKN3U2S": {
      "file": "chunk-FEKN3U2S.js"
    }
  }
}