{
  "hash": "8be561bf",
  "configHash": "8ecc16c1",
  "lockfileHash": "51437ba1",
  "browserHash": "517e8b31",
  "optimized": {
    "@angular/core": {
      "src": "../../../../../../node_modules/@angular/core/fesm2022/core.mjs",
      "file": "@angular_core.js",
      "fileHash": "f3988fdb",
      "needsInterop": false
    },
    "@angular/platform-browser": {
      "src": "../../../../../../node_modules/@angular/platform-browser/fesm2022/platform-browser.mjs",
      "file": "@angular_platform-browser.js",
      "fileHash": "6edb7ad6",
      "needsInterop": false
    },
    "@angular/platform-server": {
      "src": "../../../../../../node_modules/@angular/platform-server/fesm2022/platform-server.mjs",
      "file": "@angular_platform-server.js",
      "fileHash": "ddcce2ec",
      "needsInterop": false
    },
    "@angular/router": {
      "src": "../../../../../../node_modules/@angular/router/fesm2022/router.mjs",
      "file": "@angular_router.js",
      "fileHash": "44d47d1c",
      "needsInterop": false
    },
    "@angular/ssr": {
      "src": "../../../../../../node_modules/@angular/ssr/fesm2022/ssr.mjs",
      "file": "@angular_ssr.js",
      "fileHash": "9b715071",
      "needsInterop": false
    },
    "@angular/ssr/node": {
      "src": "../../../../../../node_modules/@angular/ssr/fesm2022/node.mjs",
      "file": "@angular_ssr_node.js",
      "fileHash": "f27584cd",
      "needsInterop": false
    },
    "express": {
      "src": "../../../../../../node_modules/express/index.js",
      "file": "express.js",
      "fileHash": "1afb017e",
      "needsInterop": true
    },
    "keycloak-angular": {
      "src": "../../../../../../node_modules/keycloak-angular/fesm2022/keycloak-angular.mjs",
      "file": "keycloak-angular.js",
      "fileHash": "789bb0e1",
      "needsInterop": false
    }
  },
  "chunks": {
    "xhr2-TXIMV6CV": {
      "file": "xhr2-TXIMV6CV.js"
    },
    "chunk-A3T2PN4M": {
      "file": "chunk-A3T2PN4M.js"
    },
    "chunk-MYJA7Z7P": {
      "file": "chunk-MYJA7Z7P.js"
    },
    "chunk-6VOZKPZY": {
      "file": "chunk-6VOZKPZY.js"
    },
    "chunk-5GS4ST7L": {
      "file": "chunk-5GS4ST7L.js"
    },
    "chunk-YRA4ETO4": {
      "file": "chunk-YRA4ETO4.js"
    },
    "chunk-6JA6SQ4L": {
      "file": "chunk-6JA6SQ4L.js"
    },
    "chunk-YHCV7DAQ": {
      "file": "chunk-YHCV7DAQ.js"
    }
  }
}